ECRef,RegulatedEntityName,RegulatedEntityType,Value,AcceptedDate,AccountingUnitName,DonorName,AccountingUnitsAsCentralParty,IsSponsorship,DonorStatus,RegulatedDoneeType,CompanyRegistrationNumber,Postcode,DonationType,NatureOfDonation,PurposeOfVisit,DonationAction,ReceivedDate,ReportedDate,IsReportedPrePoll,ReportingPeriodName,IsBequest,IsAggregation,RegulatedEntityId,AccountingUnitId,DonorId,CampaigningName,RegisterName,IsIrishSource
C0578841,Green Party,Political Party,"£20,000.00",,Central Party,Adam Management Holdings Limited,False,False,Company,,13453522.0,WF17 6ER,Cash,,,,25/06/2024,03/07/2024,,Pre-Poll 4 - Party(20/06/24 - 26/06/24) UKPGE 2024,False,False,63,,100680,,Great Britain,False
C0578725,Green Party,Political Party,"£20,000.00",,Central Party,Mr Mark Tucker,False,False,Individual,,,,Cash,,,,12/06/2024,19/06/2024,,Pre-Poll 2 - Party(06/06/24 - 12/06/24) UKPGE 2024,False,False,63,,92206,,Great Britain,False
C0578785,Green Party,Political Party,"£20,000.00",,Central Party,Ms Elizabeth Reason,False,False,Individual,,,,Cash,,,,17/06/2024,26/06/2024,,Pre-Poll 3 - Party(13/06/24 - 19/06/24) UKPGE 2024,False,False,63,,77455,,Great Britain,False
C0578828,Green Party,Political Party,"£100,000.00",,Central Party,Mr Michael Taylor,False,False,Individual,,,,Cash,,,,20/06/2024,03/07/2024,,Pre-Poll 4 - Party(20/06/24 - 26/06/24) UKPGE 2024,False,False,63,,97582,,Great Britain,False
C0578788,Conservative and Unionist Party,Political Party,"£20,000.00",,Central Party,The Spring Lunch,False,False,Unincorporated Association,,,IP21 4XY,Cash,,,,17/06/2024,26/06/2024,,Pre-Poll 3 - Party(13/06/24 - 19/06/24) UKPGE 2024,False,False,52,,45468,,Great Britain,False
C0578834,Conservative and Unionist Party,Political Party,"£15,000.00",,Central Party,Mr Richard Girling,False,False,Individual,,,,Cash,,,,24/06/2024,03/07/2024,,Pre-Poll 4 - Party(20/06/24 - 26/06/24) UKPGE 2024,False,False,52,,88869,,Great Britain,False
C0578795,Conservative and Unionist Party,Political Party,"£50,000.00",,Central Party,Mr Richard Simon Wilson,False,False,Individual,,,,Cash,,,,14/06/2024,26/06/2024,,Pre-Poll 3 - Party(13/06/24 - 19/06/24) UKPGE 2024,False,False,52,,100666,,Great Britain,False
C0578790,Conservative and Unionist Party,Political Party,"£50,000.00",,Central Party,National Conservative Draws Society,False,False,Unincorporated Association,,,HP9 1LW,Cash,,,,18/06/2024,26/06/2024,,Pre-Poll 3 - Party(13/06/24 - 19/06/24) UKPGE 2024,False,False,52,,36362,,Great Britain,False
C0578839,Conservative and Unionist Party,Political Party,"£30,000.00",,Central Party,HEALTHCARE PERSONNEL SOLUTIONS LTD,False,False,Company,,7368847.0,HP7 0PX,Cash,,,,24/06/2024,03/07/2024,,Pre-Poll 4 - Party(20/06/24 - 26/06/24) UKPGE 2024,False,False,52,,96194,,Great Britain,False
C0578827,Conservative and Unionist Party,Political Party,"£20,000.00",,Central Party,Professor Christopher Barry Wood,False,False,Individual,,,,Cash,,,,24/06/2024,03/07/2024,,Pre-Poll 4 - Party(20/06/24 - 26/06/24) UKPGE 2024,False,False,52,,93588,,Great Britain,False
NC0578738,Conservative and Unionist Party,Political Party,"£25,000.00",,Central Party, Kenneth E Davy,False,False,Individual,,,,Non Cash,Auction prizes,,,06/06/2024,19/06/2024,,Pre-Poll 2 - Party(06/06/24 - 12/06/24) UKPGE 2024,False,False,52,,91296,,Great Britain,False
C0578733,Conservative and Unionist Party,Political Party,"£25,000.00",,Central Party,Lord Michael Hintze,False,False,Individual,,,,Cash,,,,11/06/2024,19/06/2024,,Pre-Poll 2 - Party(06/06/24 - 12/06/24) UKPGE 2024,False,False,52,,99562,,Great Britain,False
C0578632,Conservative and Unionist Party,Political Party,"£50,000.00",,Central Party, Alasdair J D Locke,False,False,Individual,,,,Cash,,,,30/05/2024,12/06/2024,,Pre-Poll 1 - Party(30/05/24 - 05/06/24) UKPGE 2024,False,False,52,,100599,,Great Britain,False
C0578644,Conservative and Unionist Party,Political Party,"£50,000.00",,Central Party,Centrax Industries Ltd,False,False,Company,,3955434.0,TQ12 4SQ,Cash,,,,30/05/2024,12/06/2024,,Pre-Poll 1 - Party(30/05/24 - 05/06/24) UKPGE 2024,False,False,52,,100603,,Great Britain,False
C0578637,Conservative and Unionist Party,Political Party,"£50,000.00",,Central Party,Lord Michael S Farmer,False,False,Individual,,,,Cash,,,,04/06/2024,12/06/2024,,Pre-Poll 1 - Party(30/05/24 - 05/06/24) UKPGE 2024,False,False,52,,44611,,Great Britain,False
C0578794,Conservative and Unionist Party,Political Party,"£18,000.00",,Central Party,Mr Robert Edward Jenrick,False,False,Individual,,,,Cash,,,,13/06/2024,26/06/2024,,Pre-Poll 3 - Party(13/06/24 - 19/06/24) UKPGE 2024,False,False,52,,100665,,Great Britain,False
C0578840,Conservative and Unionist Party,Political Party,"£16,000.00",,Central Party,Conquer Technology Ltd,False,False,Company,,14657193.0,M3 4AP,Cash,,,,25/06/2024,03/07/2024,,Pre-Poll 4 - Party(20/06/24 - 26/06/24) UKPGE 2024,False,False,52,,100679,,Great Britain,False
C0578826,Conservative and Unionist Party,Political Party,"£27,945.00",,Central Party, Ian Crewe,False,False,Individual,,,,Cash,,,,25/06/2024,03/07/2024,,Pre-Poll 4 - Party(20/06/24 - 26/06/24) UKPGE 2024,False,False,52,,100677,,Great Britain,False
C0578838,Conservative and Unionist Party,Political Party,"£50,000.00",,Central Party,National Conservative Draws Society,False,False,Unincorporated Association,,,HP9 1LW,Cash,,,,21/06/2024,03/07/2024,,Pre-Poll 4 - Party(20/06/24 - 26/06/24) UKPGE 2024,False,False,52,,36362,,Great Britain,False
C0578732,Conservative and Unionist Party,Political Party,"£20,000.00",,Central Party, Philip H Meeson,False,False,Individual,,,,Cash,,,,10/06/2024,19/06/2024,,Pre-Poll 2 - Party(06/06/24 - 12/06/24) UKPGE 2024,False,False,52,,100643,,Great Britain,False
C0578737,Conservative and Unionist Party,Political Party,"£50,000.00",,Central Party,The Spring Lunch,False,False,Unincorporated Association,,,IP21 4XY,Cash,,,,12/06/2024,19/06/2024,,Pre-Poll 2 - Party(06/06/24 - 12/06/24) UKPGE 2024,False,False,52,,45468,,Great Britain,False
C0578636,Conservative and Unionist Party,Political Party,"£25,000.00",,Central Party, Oluwole O Kolade,False,False,Individual,,,,Cash,,,,04/06/2024,12/06/2024,,Pre-Poll 1 - Party(30/05/24 - 05/06/24) UKPGE 2024,False,False,52,,100600,,Great Britain,False
C0578643,Conservative and Unionist Party,Political Party,"£25,000.00",,Central Party,Orange Aero Limited,False,False,Company,,2990055.0,RH18 5AA,Cash,,,,30/05/2024,12/06/2024,,Pre-Poll 1 - Party(30/05/24 - 05/06/24) UKPGE 2024,False,False,52,,54659,,Great Britain,False
C0578631,Conservative and Unionist Party,Political Party,"£25,000.00",,Central Party,Mr David L Mayhew,False,False,Individual,,,,Cash,,,,03/06/2024,12/06/2024,,Pre-Poll 1 - Party(30/05/24 - 05/06/24) UKPGE 2024,False,False,52,,74090,,Great Britain,False
C0578837,Conservative and Unionist Party,Political Party,"£25,000.00",,Central Party,National Conservative Draws Society,False,False,Unincorporated Association,,,HP9 1LW,Cash,,,,24/06/2024,03/07/2024,,Pre-Poll 4 - Party(20/06/24 - 26/06/24) UKPGE 2024,False,False,52,,36362,,Great Britain,False
C0578793,Conservative and Unionist Party,Political Party,"£12,000.00",,Central Party, Christopher M Fenwick,False,False,Individual,,,,Cash,,,,13/06/2024,26/06/2024,,Pre-Poll 3 - Party(13/06/24 - 19/06/24) UKPGE 2024,False,False,52,,100513,,Great Britain,False
C0578825,Conservative and Unionist Party,Political Party,"£25,000.00",,Central Party, Laurence Stephen Geller,False,False,Individual,,,,Cash,,,,21/06/2024,03/07/2024,,Pre-Poll 4 - Party(20/06/24 - 26/06/24) UKPGE 2024,False,False,52,,93579,,Great Britain,False
C0578736,Conservative and Unionist Party,Political Party,"£50,000.00",,Central Party,Bestway Wholesale Ltd,False,False,Company,,1207120.0,NW10 7BW,Cash,,,,06/06/2024,19/06/2024,,Pre-Poll 2 - Party(06/06/24 - 12/06/24) UKPGE 2024,False,False,52,,72614,,Great Britain,False
C0578729,Conservative and Unionist Party,Political Party,"£25,000.00",,Central Party, Kenneth J Costa,False,False,Individual,,,,Cash,,,,06/06/2024,19/06/2024,,Pre-Poll 2 - Party(06/06/24 - 12/06/24) UKPGE 2024,False,False,52,,98428,,Great Britain,False
C0578731,Conservative and Unionist Party,Political Party,"£25,000.00",,Central Party,Sir David C Ord,False,False,Individual,,,,Cash,,,,07/06/2024,19/06/2024,,Pre-Poll 2 - Party(06/06/24 - 12/06/24) UKPGE 2024,False,False,52,,100642,,Great Britain,False
C0578635,Conservative and Unionist Party,Political Party,"£50,000.00",,Central Party,Lord Stanley Fink,False,False,Individual,,,,Cash,,,,31/05/2024,12/06/2024,,Pre-Poll 1 - Party(30/05/24 - 05/06/24) UKPGE 2024,False,False,52,,74079,,Great Britain,False
NC0578647,Conservative and Unionist Party,Political Party,"£13,085.10",,Central Party, Bassim Haidar,False,False,Individual,,,,Non Cash,Travel,,,05/06/2024,12/06/2024,,Pre-Poll 1 - Party(30/05/24 - 05/06/24) UKPGE 2024,False,False,52,,98393,,Great Britain,False
C0578642,Conservative and Unionist Party,Political Party,"£30,000.00",,Central Party, Vikram Harsh Kumar,False,False,Individual,,,,Cash,,,,03/06/2024,12/06/2024,,Pre-Poll 1 - Party(30/05/24 - 05/06/24) UKPGE 2024,False,False,52,,98459,,Great Britain,False
C0578831,Conservative and Unionist Party,Political Party,"£20,000.00",,Central Party, Michael T Dulverton,False,False,Individual,,,,Cash,,,,21/06/2024,03/07/2024,,Pre-Poll 4 - Party(20/06/24 - 26/06/24) UKPGE 2024,False,False,52,,100678,,Great Britain,False
C0578792,Conservative and Unionist Party,Political Party,"£100,000.00",,Central Party,Jersey House (Developments) Ltd,False,False,Company,,3340027.0,NW2 6EW,Cash,,,,13/06/2024,26/06/2024,,Pre-Poll 3 - Party(13/06/24 - 19/06/24) UKPGE 2024,False,False,52,,95752,,Great Britain,False
C0578836,Conservative and Unionist Party,Political Party,"£50,000.00",,Central Party,National Conservative Draws Society,False,False,Unincorporated Association,,,HP9 1LW,Cash,,,,20/06/2024,03/07/2024,,Pre-Poll 4 - Party(20/06/24 - 26/06/24) UKPGE 2024,False,False,52,,36362,,Great Britain,False
C0578735,Conservative and Unionist Party,Political Party,"£20,000.00",,Central Party, Edward A P Sells,False,False,Individual,,,,Cash,,,,12/06/2024,19/06/2024,,Pre-Poll 2 - Party(06/06/24 - 12/06/24) UKPGE 2024,False,False,52,,97686,,Great Britain,False
C0578730,Conservative and Unionist Party,Political Party,"£40,000.00",,Central Party, Hamish J G Mair,False,False,Individual,,,,Cash,,,,07/06/2024,19/06/2024,,Pre-Poll 2 - Party(06/06/24 - 12/06/24) UKPGE 2024,False,False,52,,91233,,Great Britain,False
C0578641,Conservative and Unionist Party,Political Party,"£75,000.00",,Central Party, Bassim Haidar,False,False,Individual,,,,Cash,,,,30/05/2024,12/06/2024,,Pre-Poll 1 - Party(30/05/24 - 05/06/24) UKPGE 2024,False,False,52,,98393,,Great Britain,False
C0578639,Conservative and Unionist Party,Political Party,"£50,000.00",,Central Party, Bruce Hardy McLain,False,False,Individual,,,,Cash,,,,05/06/2024,12/06/2024,,Pre-Poll 1 - Party(30/05/24 - 05/06/24) UKPGE 2024,False,False,52,,100602,,Great Britain,False
C0578634,Conservative and Unionist Party,Political Party,"£20,000.00",,Central Party, Robert D Calrow OBE,False,False,Individual,,,,Cash,,,,03/06/2024,12/06/2024,,Pre-Poll 1 - Party(30/05/24 - 05/06/24) UKPGE 2024,False,False,52,,96215,,Great Britain,False
NC0578646,Conservative and Unionist Party,Political Party,"£22,453.27",,Central Party,Corporate Policy Unit,False,False,Public Fund,,,EH99 1SP,Non Cash,Staff costs,,,31/05/2024,12/06/2024,,Pre-Poll 1 - Party(30/05/24 - 05/06/24) UKPGE 2024,False,False,52,,100604,,Great Britain,False
C0578791,Conservative and Unionist Party,Political Party,"£50,000.00",,Central Party,National Conservative Draws Society,False,False,Unincorporated Association,,,HP9 1LW,Cash,,,,19/06/2024,26/06/2024,,Pre-Poll 3 - Party(13/06/24 - 19/06/24) UKPGE 2024,False,False,52,,36362,,Great Britain,False
C0578789,Conservative and Unionist Party,Political Party,"£50,000.00",,Central Party,The Spring Lunch,False,False,Unincorporated Association,,,IP21 4XY,Cash,,,,14/06/2024,26/06/2024,,Pre-Poll 3 - Party(13/06/24 - 19/06/24) UKPGE 2024,False,False,52,,45468,,Great Britain,False
C0578835,Conservative and Unionist Party,Political Party,"£100,000.00",,Central Party,Flowidea Ltd,False,False,Company,,2463564.0,EC2M 2SN,Cash,,,,25/06/2024,03/07/2024,,Pre-Poll 4 - Party(20/06/24 - 26/06/24) UKPGE 2024,False,False,52,,72618,,Great Britain,False
C0578796,Conservative and Unionist Party,Political Party,"£24,999.99",,Central Party,Lord Howard D Leigh,False,False,Individual,,,,Cash,,,,17/06/2024,26/06/2024,,Pre-Poll 3 - Party(13/06/24 - 19/06/24) UKPGE 2024,False,False,52,,48270,,Great Britain,False
C0578734,Conservative and Unionist Party,Political Party,"£12,500.00",,Central Party, Malik Karim,False,False,Individual,,,,Cash,,,,11/06/2024,19/06/2024,,Pre-Poll 2 - Party(06/06/24 - 12/06/24) UKPGE 2024,False,False,52,,97355,,Great Britain,False
C0578638,Conservative and Unionist Party,Political Party,"£25,000.00",,Central Party,Lord Jeffrey Maurice Sterling,False,False,Individual,,,,Cash,,,,04/06/2024,12/06/2024,,Pre-Poll 1 - Party(30/05/24 - 05/06/24) UKPGE 2024,False,False,52,,100601,,Great Britain,False
C0578633,Conservative and Unionist Party,Political Party,"£25,000.00",,Central Party, Alasdair J D Locke,False,False,Individual,,,,Cash,,,,31/05/2024,12/06/2024,,Pre-Poll 1 - Party(30/05/24 - 05/06/24) UKPGE 2024,False,False,52,,100599,,Great Britain,False
C0578640,Conservative and Unionist Party,Political Party,"£33,333.33",,Central Party, Richard D Harpin,False,False,Individual,,,,Cash,,,,04/06/2024,12/06/2024,,Pre-Poll 1 - Party(30/05/24 - 05/06/24) UKPGE 2024,False,False,52,,93030,,Great Britain,False
C0578645,Conservative and Unionist Party,Political Party,"£28,500.00",,Central Party,Scottish Unionist Association Trust,False,False,Unincorporated Association,,,G52 1SD,Cash,,,,05/06/2024,12/06/2024,,Pre-Poll 1 - Party(30/05/24 - 05/06/24) UKPGE 2024,False,False,52,,84981,,Great Britain,False
C0578757,Labour Party,Political Party,"£25,000.00",,Central Party,Mr Jason Howlett,False,False,Individual,,,,Cash,,,,14/06/2024,26/06/2024,,Pre-Poll 3 - Party(13/06/24 - 19/06/24) UKPGE 2024,False,False,53,,100648,,Great Britain,False
C0578769,Labour Party,Political Party,"£25,000.00",,Central Party,Community Union,False,False,Trade Union,,,N7 9GX,Cash,,,,18/06/2024,26/06/2024,,Pre-Poll 3 - Party(13/06/24 - 19/06/24) UKPGE 2024,False,False,53,,74831,,Great Britain,False
C0578707,Labour Party,Political Party,"£20,000.00",,Central Party,Medical and Professional Services Limited,False,False,Company,,3594950.0,EC2A 1AF,Cash,,,,10/06/2024,19/06/2024,,Pre-Poll 2 - Party(06/06/24 - 12/06/24) UKPGE 2024,False,False,53,,100632,,Great Britain,False
C0578764,Labour Party,Political Party,"£14,321.71",,Central Party,GMB,False,False,Trade Union,,,NW1 2HD,Cash,,,,14/06/2024,26/06/2024,,Pre-Poll 3 - Party(13/06/24 - 19/06/24) UKPGE 2024,False,False,53,,55383,,Great Britain,False
C0578598,Labour Party,Political Party,"£12,000.00",,Central Party, Anna Turley,False,False,Individual,,,,Cash,,,,30/05/2024,11/06/2024,,Pre-Poll 1 - Party(30/05/24 - 05/06/24) UKPGE 2024,False,False,53,,100590,,Great Britain,False
C0578593,Labour Party,Political Party,"£25,000.00",,Central Party, Tony Langham,False,False,Individual,,,,Cash,,,,31/05/2024,11/06/2024,,Pre-Poll 1 - Party(30/05/24 - 05/06/24) UKPGE 2024,False,False,53,,100587,,Great Britain,False
C0578768,Labour Party,Political Party,"£300,000.00",,Central Party,"Union of Shop, Distributive and Allied Workers (USDAW)",False,False,Trade Union,,,M50 3XZ,Cash,,,,14/06/2024,26/06/2024,,Pre-Poll 3 - Party(13/06/24 - 19/06/24) UKPGE 2024,False,False,53,,98233,,Great Britain,False
C0578706,Labour Party,Political Party,"£19,400.00",,Central Party,Dr Anna Lisbet Rausing,False,False,Individual,,,,Cash,,,,07/06/2024,19/06/2024,,Pre-Poll 2 - Party(06/06/24 - 12/06/24) UKPGE 2024,False,False,53,,97905,,Great Britain,False
C0578763,Labour Party,Political Party,"£14,471.35",,Central Party,"Union of Shop, Distributive and Allied Workers (USDAW)",False,False,Trade Union,,,M50 3XZ,Cash,,,,14/06/2024,26/06/2024,,Pre-Poll 3 - Party(13/06/24 - 19/06/24) UKPGE 2024,False,False,53,,98233,,Great Britain,False
C0578770,Labour Party,Political Party,"£11,725.00",,Central Party,Fire Brigades Union,False,False,Trade Union,,,KT2 7AE,Cash,,,,14/06/2024,26/06/2024,,Pre-Poll 3 - Party(13/06/24 - 19/06/24) UKPGE 2024,False,False,53,,37516,,Great Britain,False
C0578713,Labour Party,Political Party,"£100,000.00",,Central Party,Associated Society of Locomotive Engineers and Firemen (ASLEF),False,False,Trade Union,,,EC1M 4NN,Cash,,,,11/06/2024,19/06/2024,,Pre-Poll 2 - Party(06/06/24 - 12/06/24) UKPGE 2024,False,False,53,,87315,,Great Britain,False
C0578756,Labour Party,Political Party,"£25,000.00",,Central Party,Mr Harish Sodha,False,False,Individual,,,,Cash,,,,14/06/2024,26/06/2024,,Pre-Poll 3 - Party(13/06/24 - 19/06/24) UKPGE 2024,False,False,53,,100647,,Great Britain,False
C0578592,Labour Party,Political Party,"£70,000.00",,Central Party, Clive Hollick,False,False,Individual,,,,Cash,,,,31/05/2024,11/06/2024,,Pre-Poll 1 - Party(30/05/24 - 05/06/24) UKPGE 2024,False,False,53,,83994,,Great Britain,False
C0578600,Labour Party,Political Party,"£652,410.55",,Central Party,House of Commons,False,False,Public Fund,,,SW1A 0AA,Cash,,,,31/05/2024,11/06/2024,,Pre-Poll 1 - Party(30/05/24 - 05/06/24) UKPGE 2024,False,False,53,,95486,,Great Britain,False
C0578597,Labour Party,Political Party,"£12,000.00",,Central Party,Mr Rob Sewell,False,False,Individual,,,,Cash,,,,04/06/2024,11/06/2024,,Pre-Poll 1 - Party(30/05/24 - 05/06/24) UKPGE 2024,False,False,53,,98227,,Great Britain,False
NC0578821,Labour Party,Political Party,"£21,480.00",,Central Party,Labour Together Limited,False,False,Company,,9630980.0,N2 8EY,Non Cash,Other,,,25/06/2024,02/07/2024,,Pre-Poll 4 - Party(20/06/24 - 26/06/24) UKPGE 2024,False,False,53,,95217,,Great Britain,False
C0578819,Labour Party,Political Party,"£54,751.94",,Central Party,Labour Together Limited,False,False,Company,,9630980.0,N2 8EY,Cash,,,,21/06/2024,02/07/2024,,Pre-Poll 4 - Party(20/06/24 - 26/06/24) UKPGE 2024,False,False,53,,95217,,Great Britain,False
C0578705,Labour Party,Political Party,"£2,500,000.00",,Central Party,Lord David Sainsbury of Turville,False,False,Individual,,,,Cash,,,,07/06/2024,19/06/2024,,Pre-Poll 2 - Party(06/06/24 - 12/06/24) UKPGE 2024,False,False,53,,67991,,Great Britain,False
C0578762,Labour Party,Political Party,"£60,000.00",,Central Party,Ms Susan Rankin,False,False,Individual,,,,Cash,,,,19/06/2024,26/06/2024,,Pre-Poll 3 - Party(13/06/24 - 19/06/24) UKPGE 2024,False,False,53,,100649,,Great Britain,False
C0578767,Labour Party,Political Party,"£1,490,000.00",,Central Party,UNISON,False,False,Trade Union,,,NW1 2AY,Cash,,,,14/06/2024,26/06/2024,,Pre-Poll 3 - Party(13/06/24 - 19/06/24) UKPGE 2024,False,False,53,,34447,,Great Britain,False
C0578712,Labour Party,Political Party,"£20,000.00",,Central Party,Mr Andy Gray,False,False,Individual,,,,Cash,,,,12/06/2024,19/06/2024,,Pre-Poll 2 - Party(06/06/24 - 12/06/24) UKPGE 2024,False,False,53,,100633,,Great Britain,False
C0578755,Labour Party,Political Party,"£19,400.00",,Central Party,Dr Anna Lisbet Rausing,False,False,Individual,,,,Cash,,,,14/06/2024,26/06/2024,,Pre-Poll 3 - Party(13/06/24 - 19/06/24) UKPGE 2024,False,False,53,,97905,,Great Britain,False
C0578589,Labour Party,Political Party,"£500,000.00",,Central Party,Toledo Productions Limited,False,False,Company,,2942366.0,WC2H 7DQ,Cash,,,,30/05/2024,11/06/2024,,Pre-Poll 1 - Party(30/05/24 - 05/06/24) UKPGE 2024,False,False,53,,100585,,Great Britain,False
C0578596,Labour Party,Political Party,"£100,000.00",,Central Party,Mr Tony Bury,False,False,Individual,,,,Cash,,,,04/06/2024,11/06/2024,,Pre-Poll 1 - Party(30/05/24 - 05/06/24) UKPGE 2024,False,False,53,,96308,,Great Britain,False
C0578591,Labour Party,Political Party,"£70,000.00",,Central Party,Mr Stuart Roden,False,False,Individual,,,,Cash,,,,31/05/2024,11/06/2024,,Pre-Poll 1 - Party(30/05/24 - 05/06/24) UKPGE 2024,False,False,53,,97908,,Great Britain,False
C0578818,Labour Party,Political Party,"£50,000.00",,Central Party,Mr Maqbool Ahmed,False,False,Individual,,,,Cash,,,,25/06/2024,02/07/2024,,Pre-Poll 4 - Party(20/06/24 - 26/06/24) UKPGE 2024,False,False,53,,100676,,Great Britain,False
C0578820,Labour Party,Political Party,"£200,000.00",,Central Party,"Union of Shop, Distributive and Allied Workers (USDAW)",False,False,Trade Union,,,M50 3XZ,Cash,,,,26/06/2024,02/07/2024,,Pre-Poll 4 - Party(20/06/24 - 26/06/24) UKPGE 2024,False,False,53,,98233,,Great Britain,False
C0578711,Labour Party,Political Party,"£700,000.00",,Central Party,Mr Martin Taylor,False,False,Individual,,,,Cash,,,,12/06/2024,19/06/2024,,Pre-Poll 2 - Party(06/06/24 - 12/06/24) UKPGE 2024,False,False,53,,45350,,Great Britain,False
C0578754,Labour Party,Political Party,"£25,000.00",,Central Party,Mr Simon Moran,False,False,Individual,,,,Cash,,,,13/06/2024,26/06/2024,,Pre-Poll 3 - Party(13/06/24 - 19/06/24) UKPGE 2024,False,False,53,,98222,,Great Britain,False
C0578709,Labour Party,Political Party,"£50,000.00",,Central Party,Mr Nick Razey,False,False,Individual,,,,Cash,,,,10/06/2024,19/06/2024,,Pre-Poll 2 - Party(06/06/24 - 12/06/24) UKPGE 2024,False,False,53,,98224,,Great Britain,False
C0578759,Labour Party,Political Party,"£500,000.00",,Central Party,Mr Stuart Roden,False,False,Individual,,,,Cash,,,,18/06/2024,26/06/2024,,Pre-Poll 3 - Party(13/06/24 - 19/06/24) UKPGE 2024,False,False,53,,97908,,Great Britain,False
C0578704,Labour Party,Political Party,"£24,000.00",,Central Party,Mr Thiago De Carvalho,False,False,Individual,,,,Cash,,,,06/06/2024,19/06/2024,,Pre-Poll 2 - Party(06/06/24 - 12/06/24) UKPGE 2024,False,False,53,,95195,,Great Britain,False
NC0578761,Labour Party,Political Party,"£500,000.00",,Central Party,Mr Antony Gormley,False,False,Individual,,,,Non Cash,Other,,,18/06/2024,26/06/2024,,Pre-Poll 3 - Party(13/06/24 - 19/06/24) UKPGE 2024,False,False,53,,45979,,Great Britain,False
C0578595,Labour Party,Political Party,"£25,000.00",,Central Party, Mark Binks,False,False,Individual,,,,Cash,,,,01/06/2024,11/06/2024,,Pre-Poll 1 - Party(30/05/24 - 05/06/24) UKPGE 2024,False,False,53,,100589,,Great Britain,False
C0578590,Labour Party,Political Party,"£40,000.00",,Central Party, Karim Nakhla,False,False,Individual,,,,Cash,,,,31/05/2024,11/06/2024,,Pre-Poll 1 - Party(30/05/24 - 05/06/24) UKPGE 2024,False,False,53,,100586,,Great Britain,False
C0578588,Labour Party,Political Party,"£15,000.00",,Central Party, Lucy Garrett,False,False,Individual,,,,Cash,,,,30/05/2024,11/06/2024,,Pre-Poll 1 - Party(30/05/24 - 05/06/24) UKPGE 2024,False,False,53,,100584,,Great Britain,False
C0578817,Labour Party,Political Party,"£50,000.00",,Central Party,Mr Maqbool Ahmed,False,False,Individual,,,,Cash,,,,24/06/2024,02/07/2024,,Pre-Poll 4 - Party(20/06/24 - 26/06/24) UKPGE 2024,False,False,53,,100676,,Great Britain,False
C0578708,Labour Party,Political Party,"£900,000.00",,Central Party,Mr Gary Lubner,False,False,Individual,,,,Cash,,,,10/06/2024,19/06/2024,,Pre-Poll 2 - Party(06/06/24 - 12/06/24) UKPGE 2024,False,False,53,,95475,,Great Britain,False
C0578760,Labour Party,Political Party,"£250,000.00",,Central Party,Mr Danny Luhde-Thompson,False,False,Individual,,,,Cash,,,,18/06/2024,26/06/2024,,Pre-Poll 3 - Party(13/06/24 - 19/06/24) UKPGE 2024,False,False,53,,99737,,Great Britain,False
C0578710,Labour Party,Political Party,"£50,000.00",,Central Party,Mr Nick Razey,False,False,Individual,,,,Cash,,,,11/06/2024,19/06/2024,,Pre-Poll 2 - Party(06/06/24 - 12/06/24) UKPGE 2024,False,False,53,,98224,,Great Britain,False
C0578753,Labour Party,Political Party,"£25,000.00",,Central Party,GMB,False,False,Trade Union,,,NW1 2HD,Cash,,,,14/06/2024,26/06/2024,,Pre-Poll 3 - Party(13/06/24 - 19/06/24) UKPGE 2024,False,False,53,,55383,,Great Britain,False
C0578758,Labour Party,Political Party,"£25,000.00",,Central Party,Mr Jason Howlett,False,False,Individual,,,,Cash,,,,14/06/2024,26/06/2024,,Pre-Poll 3 - Party(13/06/24 - 19/06/24) UKPGE 2024,False,False,53,,100648,,Great Britain,False
C0578594,Labour Party,Political Party,"£25,000.00",,Central Party, Clare Parsons,False,False,Individual,,,,Cash,,,,31/05/2024,11/06/2024,,Pre-Poll 1 - Party(30/05/24 - 05/06/24) UKPGE 2024,False,False,53,,100588,,Great Britain,False
C0578599,Labour Party,Political Party,"£32,908.33",,Central Party,Communication Workers Union,False,False,Trade Union,,,SW19 1RX,Cash,,,,31/05/2024,11/06/2024,,Pre-Poll 1 - Party(30/05/24 - 05/06/24) UKPGE 2024,False,False,53,,55378,,Great Britain,False
C0578816,Labour Party,Political Party,"£75,000.00",,Central Party,Mr Clive Lewis,False,False,Individual,,,,Cash,,,,20/06/2024,02/07/2024,,Pre-Poll 4 - Party(20/06/24 - 26/06/24) UKPGE 2024,False,False,53,,98217,,Great Britain,False
C0578719,Reform UK,Political Party,"£21,000.00",,Central Party,Mr Simon William Smith,False,False,Individual,,,,Cash,,,,07/06/2024,19/06/2024,,Pre-Poll 2 - Party(06/06/24 - 12/06/24) UKPGE 2024,False,False,7931,,100637,,Great Britain,False
C0578721,Reform UK,Political Party,"£250,000.00",,Central Party,Britain Means Business Limited,False,False,Company,,10893794.0,W1J 6HE,Cash,,,,10/06/2024,19/06/2024,,Pre-Poll 2 - Party(06/06/24 - 12/06/24) UKPGE 2024,False,False,7931,,92666,,Great Britain,False
C0578783,Reform UK,Political Party,"£20,000.00",,Central Party,Mr Charlie Mullins,False,False,Individual,,,,Cash,,,,19/06/2024,26/06/2024,,Pre-Poll 3 - Party(13/06/24 - 19/06/24) UKPGE 2024,False,False,7931,,100662,,Great Britain,False
C0578586,Reform UK,Political Party,"£50,000.00",,Central Party,H.R. SMITH GROUP LIMITED,False,False,Company,,11734308.0,HR6 9QA,Cash,,,,05/06/2024,12/06/2024,,Pre-Poll 1 - Party(30/05/24 - 05/06/24) UKPGE 2024,False,False,7931,,100582,,Great Britain,False
C0578720,Reform UK,Political Party,"£25,000.00",,Central Party,Mr philip Hulme,False,False,Individual,,,,Cash,,,,11/06/2024,19/06/2024,,Pre-Poll 2 - Party(06/06/24 - 12/06/24) UKPGE 2024,False,False,7931,,99638,,Great Britain,False
C0578718,Reform UK,Political Party,"£100,000.00",,Central Party,Mr David George Plumer Lilley,False,False,Individual,,,,Cash,,,,10/06/2024,19/06/2024,,Pre-Poll 2 - Party(06/06/24 - 12/06/24) UKPGE 2024,False,False,7931,,100581,,Great Britain,False
C0578717,Reform UK,Political Party,"£21,000.00",,Central Party,Mr Simon William Smith,False,False,Individual,,,,Cash,,,,06/06/2024,19/06/2024,,Pre-Poll 2 - Party(06/06/24 - 12/06/24) UKPGE 2024,False,False,7931,,100637,,Great Britain,False
C0578724,Reform UK,Political Party,"£50,000.00",,Central Party,Ms Holy VUKADINOVIC,False,False,Individual,,,,Cash,,,,10/06/2024,19/06/2024,,Pre-Poll 2 - Party(06/06/24 - 12/06/24) UKPGE 2024,False,False,7931,,100639,,Great Britain,False
C0578798,Reform UK,Political Party,"£16,000.00",,Central Party,Mr Simon William Smith,False,False,Individual,,,,Cash,,,,17/06/2024,26/06/2024,,Pre-Poll 3 - Party(13/06/24 - 19/06/24) UKPGE 2024,False,False,7931,,100637,,Great Britain,False
C0578630,Reform UK,Political Party,"£50,000.00",,Central Party,Mrs Fitriani Hay,False,False,Individual,,,,Cash,,,,05/06/2024,12/06/2024,,Pre-Poll 1 - Party(30/05/24 - 05/06/24) UKPGE 2024,False,False,7931,,100598,,Great Britain,False
C0578723,Reform UK,Political Party,"£25,000.00",,Central Party,Mr Robin Marcus Birley,False,False,Individual,,,,Cash,,,,06/06/2024,19/06/2024,,Pre-Poll 2 - Party(06/06/24 - 12/06/24) UKPGE 2024,False,False,7931,,100640,,Great Britain,False
C0578778,Reform UK,Political Party,"£18,000.00",,Central Party,Mr Fergus CM Hall,False,False,Individual,,,,Cash,,,,18/06/2024,26/06/2024,,Pre-Poll 3 - Party(13/06/24 - 19/06/24) UKPGE 2024,False,False,7931,,100657,,Great Britain,False
C0578797,Reform UK,Political Party,"£25,000.00",,Central Party,Tangerine Holdings Limited,False,False,Company,,2976538.0,FY8 5LT,Cash,,,,17/06/2024,26/06/2024,,Pre-Poll 3 - Party(13/06/24 - 19/06/24) UKPGE 2024,False,False,7931,,100667,,Great Britain,False
C0578583,Reform UK,Political Party,"£40,000.00",,Central Party,Mr Peter Hall,False,False,Individual,,,,Cash,,,,05/06/2024,12/06/2024,,Pre-Poll 1 - Party(30/05/24 - 05/06/24) UKPGE 2024,False,False,7931,,100579,,Great Britain,False
C0578722,Reform UK,Political Party,"£250,000.00",,Central Party,Britain Means Business Limited,False,False,Company,,10893794.0,W1J 6HE,Cash,,,,12/06/2024,19/06/2024,,Pre-Poll 2 - Party(06/06/24 - 12/06/24) UKPGE 2024,False,False,7931,,92666,,Great Britain,False
C0578777,Reform UK,Political Party,"£20,000.00",,Central Party,Oakpark Alamrs Security Services Limited,False,False,Company,,486739.0,MK18 2JX,Cash,,,,13/06/2024,26/06/2024,,Pre-Poll 3 - Party(13/06/24 - 19/06/24) UKPGE 2024,False,False,7931,,100656,,Great Britain,False
